1,정든동아1단지 101동,매매,"135,000 만원",20.12.07,아파트,방4개 146.16/124.26㎡ 고층/총17층,남향 정상입주 전망 신분당선7분거리 이마트인접 광역버스노선다양,경기도  성남시  정자동
2,판교원마을3단지 302동,월세,"30,000 / 200 만원",20.12.07,아파트,방3개 107.53A/84.51㎡ 고층/총30층,집 깨끗.조망 이쁘고 오래 살 수 있어요.4억 가능,경기도  성남시  판교동
3,한솔주공5단지 505동,전세,"21,000 만원",20.12.05,아파트,방3개 100.1A/74.16㎡ 고층/총15층,남향.아주싼전세물건.융무.임대사업자물건,경기도  성남시  정자동
4,느티공무원3단지 306동,매매,"120,000 만원",20.12.05,아파트,방2개 85.95/58.71㎡ 고층/-,"입주물추천,완벽특올수리,남향 깨끗 26타입급매 정자환승역 광역정류장가깝고",경기도  성남시  정자동
5,정든동아1단지 103동,매매,"120,000 만원",20.12.05,아파트,방4개 122.3/101.99㎡ 고층/총14층,확장 욕실포함특올수리 세안고매매 신분당선7분거리 이마트인접 버스노선다양,경기도  성남시  정자동
6,정든우성6단지 612동,전세,"45,000 만원",20.12.04,아파트,방2개 64.69/48.84㎡ 1층/총15층,욕실포함특올수리 융자무 남향 조용한동 단지내초교 정자역이용편리 이마트인접,경기도  성남시  정자동
7,정든동아1단지 106동,매매,"150,000 만원",20.12.04,아파트,방5개 189.49/164.77㎡ 저층/총15층,올수리 입주 신분당선이용가능 이마트인접 우수학군,경기도  성남시  정자동
8,한솔청구 108동,매매,"76,000 만원",20.12.03,아파트,방2개 66.15/49.35㎡ 7층/총16층,최신특올수리. 정상. 전망굿. 우수학군,경기도  성남시  정자동
9,한솔청구 103동,전세,"90,000 만원",20.12.03,아파트,방3개 126.81/101.99㎡ 23층/총25층,38P.수내학군.특올수리.집보기쉬움.특전망.남향,경기도  성남시  정자동
10,산운마을13단지태영데시앙 1303동,전세,"87,000 만원",20.12.03,아파트,방3개 107.09A/84.72㎡ 중층/총29층,집 깨끗.남향.입주일 3월 중순까지  가능,경기도  성남시  운중동
11,아름풍림 507동,전세,"90,000 만원",20.12.02,아파트,방4개 123/101.97㎡ 2층/총15층,"전체특올수리, 2월말부터, 이매역세권",경기도  성남시  이매동
12,한솔주공6단지 607동,전세,"40,000 만원",20.12.02,아파트,방2개 53.15/37.67㎡ 14층/총15층,샷시포함특올수리. 하시. 남향. 전망굿,경기도  성남시  정자동
13,판교원마을12단지 1204동,전세,"100,000 만원",20.12.02,아파트,방4개 126.73D/101.98㎡ 저층/총15층,남향 숲세권 대출2억남기고 전세 매물.,경기도  성남시  판교동
14,판교원마을3단지 304동,전세,"105,000 만원",20.12.02,아파트,방3개 107.78B/84.71㎡ 저층/총25층,"따뜻한 정남향, 정원조망,예쁜전망.집상태깨끗,이사협의",경기도  성남시  판교동
15,판교원마을12단지 1204동,매매,"135,000 만원",20.12.02,아파트,방4개 126.73D/101.98㎡ 저층/총15층,급매 BEST 정남향 저렴한 매매 매물 추천.,경기도  성남시  판교동
16,아름풍림 501동,전세,"100,000 만원",20.12.01,아파트,방4개 158/134.22㎡ 10층/총15층,"특올수리, 1월말부터, 탄천전망",경기도  성남시  이매동
17,한솔주공4단지 409동,월세,"20,000 / 35 만원",20.12.01,아파트,방2개 57.53/41.85㎡ 고층/총15층,올수리.바로입주.시스템에어컨.특조망,경기도  성남시  정자동
18,한솔청구 106동,매매,"125,000 만원",20.12.01,아파트,방3개 109.46/84.96㎡ 7층/총16층,화장실포함특올수리. 정상. 남향. 우수학군,경기도  성남시  정자동
19,한솔청구 110동,매매,"125,000 만원",20.12.01,아파트,방3개 109.46/84.96㎡ 16층/총19층,정상. 올수리. 남향. 전망굿. 우수학군,경기도  성남시  정자동
20,한솔주공4단지 409동,전세,"35,000 만원",20.12.01,아파트,방2개 57.53/41.85㎡ 14층/총15층,내부올수리.시스템에어컨.융무.바로입주됨,경기도  성남시  정자동
21,느티공무원4단지 412동,매매,"100,000 만원",20.11.30,아파트,방3개 83.98/58.71㎡ 중층/-,"입주물추천,수리전망 깨끗 26타입급매 세안고 정자환승역가깝고 광역정류장앞",경기도  성남시  정자동
22,파크뷰 607동,매매,"235,000 만원",20.11.30,아파트,방4개 207.27/162.86㎡ 고층/-,"특올수리,실입주추천 깨끗 63타입급매 or세안고 관리비저렴 방4개",경기도  성남시  정자동
23,한솔주공5단지 506동,매매,"110,000 만원",20.11.30,아파트,방3개 100.1A/74.16㎡ 고층/-,"입주물,남향추천,전망 깨끗 방3개 30타입급매 or세안고 광역정류장가깝고",경기도  성남시  정자동
24,한솔주공6단지 602동,매매,"55,000 만원",20.11.30,아파트,방2개 53.15/37.67㎡ 저층/-,"추천,조경전망 깨끗 16타입급매 세안고 광역정류장가깝고",경기도  성남시  정자동
25,정든우성6단지 613동,월세,"20,000 / 150 만원",20.11.30,아파트,방3개 88.33/69.05㎡ 1층/총18층,확장샷시욕실포함최신특올수리 남향 융자무 우수학군 단지내초교 정자역이용편리,경기도  성남시  정자동
26,한솔주공6단지 601동,월세,"3,000 / 80 만원",20.11.26,아파트,방2개 53.15/37.67㎡ 중층/총15층,남향.화장실까지전체수리됨.정자역도보권,경기도  성남시  정자동
27,판교원마을6단지 604동,매매,"135,000 만원",20.11.26,아파트,방3개 107.51/83.33㎡ 고층/총9층,인테리어.산조망 굿.남향이라 좋아요.,경기도  성남시  판교동
28,장미코오롱 125동,매매,"110,000 만원",20.11.25,아파트,방3개 107.41/84.6㎡ 13층/총15층,추천매물 세안고 단지내초등학교 야탑역세권 수리깨끗,경기도  성남시  야탑동
29,아름풍림 502동,전세,"75,000 만원",20.11.25,아파트,방3개 95.77/75.15㎡ 21층/총22층,"이매초학군, 수리해줌, 역세권, 정상입주",경기도  성남시  이매동
30,정든동아1단지 101동,매매,"135,000 만원",20.11.24,아파트,방4개 146.16/124.26㎡ 고층/총17층,정상입주 정남향 전망좋음 이마트도보이용 정자역이용편리 광역버스노선다양,경기도  성남시  정자동
31,효자임광 307동,전세,"58,000 만원",20.11.20,아파트,방2개 70.82/59.73㎡ 3층/총5층,최근샷시까지완벽올수리 언제든지입주가능 신혼거주,경기도  성남시  서현동
32,아름효성 703동,전세,"120,000 만원",20.11.20,아파트,방5개 196.64/163.95㎡ 3층/총20층,"융무,역세권,올수리",경기도  성남시  이매동
33,센트럴타운3단지 310동,매매,"123,000 만원",20.11.16,아파트,방3개 111.72A/84.98㎡ 중층/총11층,"정상입주,주인거주하며관리잘된집",경기도  성남시  여수동
34,판교원마을12단지 1204동,전세,"90,000 만원",20.11.13,아파트,방4개 126.73D/101.98㎡ 저층/총14층,남향 아이있는집 추천 정상입주,경기도  성남시  판교동
35,판교원마을3단지 302동,매매,"152,000 만원",20.11.13,아파트,방4개 128.85/101.27㎡ 저층/총30층,인테리어.입주가.정원 조망 이뻐요.,경기도  성남시  판교동
36,아름선경 605동,전세,"42,000 만원",20.11.09,아파트,방2개 56.95/41.76㎡ 11층/총16층,"전체특올수리, 이매역세권, 하시, 남향",경기도  성남시  이매동
37,한솔주공5단지 505동,월세,"6,000 / 120 만원",20.11.06,아파트,방3개 100.1A/74.16㎡ 15층/-,"남향추천,수리 깨끗,전망 방3개 30타입 보증금조정가 광역정류장가깝고",경기도  성남시  정자동
38,판교원마을12단지 1207동,매매,"158,000 만원",20.11.04,아파트,방4개 147.39/118.6㎡ 고층/총14층,44 BEST 남향 뷰 최상 추천매물.,경기도  성남시  판교동
39,판교원마을12단지 1205동,매매,"148,000 만원",20.11.04,아파트,방4개 147.39/118.6㎡ 저층/총14층,44 초급매 남향 추천 매물.,경기도  성남시  판교동
40,정든동아2단지 205동,전세,"48,000 만원",20.12.07,아파트,방2개 64.69/48.84㎡ 5층/총15층,샷시포함최신확장특올수리. 남향. 하시. 전망굿,경기도  성남시  정자동
41,한솔청구 105동,전세,"46,000 만원",20.12.07,아파트,방2개 66.15/49.35㎡ 13층/총14층,거실확장. 도배해줌. 싱크대교체. 전등교체. 전망굿,경기도  성남시  정자동
42,느티공무원4단지 408동,전세,"54,000 만원",20.12.05,아파트,방3개 92.07B/67.43㎡ 고층/-,"남향추천,조경전망 방3개 27타입 융무 전세대출가 정자환승역도보10분",경기도  성남시  정자동
43,"상록보성,임광 408동",매매,"110,000 만원",20.12.05,아파트,방3개 87.51/67.43㎡ 중층/-,"특올수리,입주물추천,남향 전망깨끗 26타입급매 or전세안고광역정류장가깝고",경기도  성남시  정자동
44,"상록보성,임광 404동",매매,"120,000 만원",20.12.05,아파트,방3개 107.74/84.97㎡ 고층/-,"특올수리,남향 전망 깨끗 32타입급매 세안고 광역정류장가깝고",경기도  성남시  정자동
45,"상록보성,임광 407동",매매,"120,000 만원",20.12.05,아파트,방3개 107.74/84.97㎡ 저층/-,남향 전망 깨끗 32타입급매 세안고 광역정류장가깝고,경기도  성남시  정자동
46,한솔주공6단지 607동,전세,"45,000 만원",20.12.04,아파트,방2개 53.15/37.67㎡ 9층/총15층,외부샷시포함특올수리해줌. 남향. 하시. 전망굿,경기도  성남시  정자동
47,한솔주공4단지 408동,전세,"30,000 만원",20.12.03,아파트,방2개 57.53/41.85㎡ 고층/-,깨끗 전망 17타입전세 융무 전세대출가 광역장류장가깝고,경기도  성남시  정자동
48,정든한진7차 703동,전세,"70,000 만원",20.12.03,아파트,방3개 88.19/68.04㎡ 고층/-,"남향,방3개 신혼집추천,수리 전망27타입 융무 전세대출가 광역정류장가깝고",경기도  성남시  정자동
49,한솔주공4단지 402동,전세,"28,000 만원",20.12.03,아파트,방2개 50.04/35.28㎡ 저층/-,1층 확장올수리 15타입전세 융무 전세대출가 광역장류장가깝고,경기도  성남시  정자동
50,한솔청구 103동,전세,"90,000 만원",20.12.03,아파트,방3개 126.81/101.99㎡ 고층/-,"남향,특올수리,전망 깨끗 38타입 융무 전세대출가 광역정류장가깝고",경기도  성남시  정자동
51,한솔3단지한일 302동,전세,"100,000 만원",20.12.03,아파트,방4개 160.01/130.51㎡ 고층/-,"올수리,전망 깨끗 48타입 융무 방4개 전세대출가 광역정류장가깝고",경기도  성남시  정자동
52,한솔LG 204동,전세,"85,000 만원",20.12.03,아파트,방4개 125.90/101.85㎡ 고층/-,"남향,특올수리,전망 깨끗 38타입 융무 전세대출가 광역정류장가깝고",경기도  성남시  정자동
53,파크뷰 607동,전세,"155,000 만원",20.12.03,아파트,방4개 207.27/162.86㎡ 고층/-,"추천,확장 올수리 깨끗 63타입 융무 전세대출가 광역정류장가깝고",경기도  성남시  정자동
54,정든우성4단지 407동,전세,"115,000 만원",20.12.03,아파트,방4개 156.68/129.72㎡ 고층/-,"남향 샷시포함올수리,전망 깨끗 48타입 융무 방4개 전세대출가",경기도  성남시  정자동
55,한솔LG 207동,전세,"110,000 만원",20.12.03,아파트,방5개 195.49/164.99㎡ 고층/-,"남향,올수리,전망 깨끗 59타입 융무 방5개 전세대출가 광역정류장가깝고",경기도  성남시  정자동
56,한솔LG 207동,전세,"120,000 만원",20.12.03,아파트,방5개 195.49/164.99㎡ 고층/-,"남향,완벽올수리,전망깨끗 59타입 융무 방5개 전세대출가 광역정류장가깝고",경기도  성남시  정자동
57,한솔3단지한일 306동,매매,"130,000 만원",20.12.02,아파트,방3개 109.91/84.92㎡ 고층/총17층,샷시포함특올수리.불곡산전망.밝고환한집.전세안고,경기도  성남시  정자동
58,파크뷰 603동,매매,"195,000 만원",20.12.02,아파트,방4개 158.46/124.51㎡ 중층/총34층,로얄동.밝고환한집.입주물,경기도  성남시  정자동
59,판교원마을5단지 505동,월세,"50,000 / 160 만원",20.12.01,아파트,방3개 107.51B/84.71㎡ 저층/총25층,"완전특인테리어, 밝고 따뜻한집, 보증금 조율가능",경기도  성남시  판교동
60,판교원마을3단지 304동,월세,"70,000 / 100 만원",20.12.01,아파트,방3개 107.78B/84.71㎡ 저층/총25층,"예쁜정원조망, 정남향, 입주협의,보증금조정가능",경기도  성남시  판교동
61,느티공무원4단지 306동,매매,"110,000 만원",20.11.30,아파트,방3개 83.98/58.71㎡ 중층/-,"남향,올수리 전망 깨끗 26타입급매 세안고 정자환승역가깝고 광역정류장앞",경기도  성남시  정자동
62,느티공무원4단지 416동,매매,"103,000 만원",20.11.30,아파트,방2개 80.13/58.19㎡ 고층/-,올수리 전망깨끗 24타입급매 전세안고정자환승역가깝고광역정류장앞,경기도  성남시  정자동
63,느티공무원4단지 402동,매매,"100,000 만원",20.11.30,아파트,방3개 90.93A/66.6㎡ 저층/-,"입주물추천,방3개,수리깨끗27타입급매 세안고 정자환승역가깝고 광역정류장앞",경기도  성남시  정자동
64,한솔주공5단지 502동,매매,"63,000 만원",20.11.30,아파트,방2개 57.4/41.85㎡ 고층/-,"남향,전망 깨끗,리모텔링추진단지 17타입급매 세안고",경기도  성남시  정자동
65,판교원마을5단지 505동,월세,"60,000 / 130 만원",20.11.30,아파트,방3개 107.32C/84.56㎡ 중층/총25층,"최근 모던한인테리어, 완전깨끗, 보증금조정가능,밝고따뜻",경기도  성남시  판교동
66,한솔주공5단지 509동,매매,"80,000 만원",20.11.30,아파트,방2개 74.39/51.66㎡ 고층/-,"추천,리모델링추진,조경전망 깨끗,방2개22타입급매 세안고 광역정류장가깝고",경기도  성남시  정자동
67,한솔주공5단지 511동,매매,"65,000 만원",20.11.30,아파트,방2개 57.4/41.85㎡ 저층/-,"입주물추천,남향,전망 깨끗,리모텔링추진단지 17타입급매 or세안고",경기도  성남시  정자동
68,느티공무원4단지 305동,매매,"105,000 만원",20.11.30,아파트,방3개 83.98/58.71㎡ 중층/-,올수리 전망 깨끗 26타입급매 세안고 정자환승역가깝고 광역정류장앞,경기도  성남시  정자동
69,느티공무원4단지 401동,매매,"100,000 만원",20.11.30,아파트,방2개 80.13/58.19㎡ 중층/-,"실입주추천,전망 깨끗 24타입급매 or전세안고 정자환승역가깝고광역정류장앞",경기도  성남시  정자동
70,느티선경 112동,매매,"137,000 만원",20.11.30,아파트,방4개 158.87/134.97㎡ 저층/-,"수리 전망,방4개 48타입급매 전세안고 정자환승역가깝고 광역정류장앞",경기도  성남시  정자동
71,느티공무원4단지 405동,매매,"100,000 만원",20.11.30,아파트,방3개 83.98/58.71㎡ 저층/-,특올수리 조경전망 깨끗 26타입급매 세안고 정자환승역가깝고 광역정류장앞,경기도  성남시  정자동
72,느티공무원4단지 405동,매매,"105,000 만원",20.11.30,아파트,방3개 83.98/58.71㎡ 고층/-,"올수리,전망 깨끗 26타입급매 세안고 정자환승역가깝고 광역정류장앞",경기도  성남시  정자동
73,느티공무원4단지 310동,매매,"122,000 만원",20.11.30,아파트,방3개 83.98/58.71㎡ 고층/-,"남향,특올수리 전망 깨끗 26타입급매 세안고 정자환승역가깝고 광역정류장앞",경기도  성남시  정자동
74,느티공무원4단지 415동,매매,"105,000 만원",20.11.30,아파트,방3개 92.07B/67.43㎡ 중층/-,수리 전망 깨끗 27타입급매 세안고 정자환승역가깝고 광역정류장앞,경기도  성남시  정자동
75,느티공무원4단지 416동,매매,"103,000 만원",20.11.30,아파트,방2개 80.13/58.19㎡ 고층/-,"특올수리,실입주추천,전망24타입급매 or전세안고정자환승역가깝고광역정류장앞",경기도  성남시  정자동
76,느티공무원4단지 309동,매매,"115,000 만원",20.11.30,아파트,방3개 90.93A/66.6㎡ 고층/-,"정남향,수리전망,방3개 27타입급매 전세안고 정자환승역가깝고 광역정류장앞",경기도  성남시  정자동
77,장미코오롱 104동,매매,"85,000 만원",20.11.26,아파트,방3개 79.04/59.55㎡ 중층/총16층,조용 깨끗 23타입 4억전세안고 계단식방3개 야탑역 광역정류장가깝고,경기도  성남시  야탑동
78,파크뷰 607동,매매,"225,000 만원",20.11.26,아파트,방4개 207.27/162.86㎡ 고층/총33층,추천매물.최근특올수리.입주물,경기도  성남시  정자동
79,아름효성 703동,전세,"120,000 만원",20.11.25,아파트,방5개 196.64/163.95㎡ 3층/총20층,"올수리, 앞정원굿, 이매역세권, 정상입주",경기도  성남시  이매동
80,느티공무원4단지 404동,전세,"57,000 만원",20.11.24,아파트,방3개 92.07B/67.43㎡ 고층/-,"남향 추천,전망 방3개 27타입 융무 전세대출가 정자환승역10분",경기도  성남시  정자동
81,한솔청구 105동,전세,"46,000 만원",20.11.24,아파트,방2개 66.15/49.35㎡ 고층/-,"추천,전망 깨끗 20타입 융무 전세대출가 광역버스광역장가깝고",경기도  성남시  정자동
82,한솔주공5단지 508동,월세,"15,000 / 90 만원",20.11.24,아파트,방3개 100.1A/74.16㎡ 15층/-,"남향추천,올수리,깨끗 전망 30타입 보증금조정가 광역정류장가깝고",경기도  성남시  정자동
83,"상록보성,임광 408동",월세,"4,000 / 195 만원",20.11.24,아파트,방3개 87.51/67.43㎡ 9층/-,"추천,남향,수리깨끗전망 26타입 보증금조정가 계단식방3개광역정류장가깝고",경기도  성남시  정자동
84,한솔주공5단지 512동,월세,"3,000 / 85 만원",20.11.24,아파트,방2개 61.79/42.75㎡ 2층/총13층,"남향추천,특완벽올수리,깨끗 전망 19타입 보증금조정가 광역정류장가깝고",경기도  성남시  정자동
85,파크뷰 605동,매매,"165,000 만원",20.11.23,아파트,방3개 108.16/84.99㎡ 중층/총32층,세안고 .단지전망 .풀옵션.특깨끗,경기도  성남시  정자동
86,판교원마을3단지 303동,매매,"140,000 만원",20.11.20,아파트,방3개 107.53A/84.51㎡ 중층/총30층,"산조망, 집깨끗, 밝고 따뜻한집",경기도  성남시  판교동
87,파크뷰 604동,매매,"163,000 만원",20.11.18,아파트,방3개 108.16/84.99㎡ 고층/총30층,전세세안고.완전깨끗.풀옵션. 전망좋은집,경기도  성남시  정자동
88,파크뷰 602동,매매,"210,000 만원",20.11.18,아파트,방4개 177.76A/139.68㎡ 저층/총34층,특급매.정원전망.특수리,경기도  성남시  정자동
89,한솔주공6단지 609동,매매,"105,000 만원",20.11.18,아파트,방2개 83.99/58.71㎡ 13층/총25층,샷시포함특올수리. 세안고. 남향. 전망굿. 단지내초등학교,경기도  성남시  정자동
90,한솔주공4단지 402동,전세,"30,000 만원",20.11.17,아파트,방2개 50.04/35.28㎡ 저층/-,"올수리추천,전망 깨끗 15타입 융무 전세대출가 광역정류장가깝고",경기도  성남시  정자동
91,한솔주공5단지 511동,월세,"5,000 / 65 만원",20.11.17,아파트,방2개 57.4/41.85㎡ 4층/-,"남향추천,올수리 깨끗 전망 17타입 보증금조정가 정자환승역가깝고",경기도  성남시  정자동
92,판교원마을12단지 1206동,매매,"155,000 만원",20.11.16,아파트,방4개 126.46C/101.76㎡ 고층/총15층,다락 테라스 판상형 매물 추천.,경기도  성남시  판교동
93,한솔주공5단지 512동,월세,"10,000 / 50 만원",20.11.13,아파트,방2개 61.79/42.75㎡ 22층/-,"추천,남향 올수리깨끗 19타입 1억50보증금조정가 광역정류장가깝고입주협의",경기도  성남시  정자동
94,정든우성4단지 407동,월세,"80,000 / 50 만원",20.11.13,아파트,방4개 156.68/129.72㎡ 10층/총17층,"신혼집추천,남향,수리 깨끗,전망 48타입 융무 보증금조정가 방4개",경기도  성남시  정자동
95,한솔주공4단지 412동,월세,"3,000 / 70 만원",20.11.13,아파트,방2개 50.04/35.28㎡ 2층/총13층,"추천,올수리 깨끗 전망 15타입 보증금조정가 광역정류장가깝고",경기도  성남시  정자동
96,판교원마을12단지 1205동,매매,"110,000 만원",20.11.13,아파트,방4개 147.39/118.6㎡ 중층/총14층,정남향 올수리 인테리어 단장 추천 매물.,경기도  성남시  판교동
97,느티공무원4단지 412동,월세,"3,000 / 150 만원",20.11.13,아파트,방3개 83.98/58.71㎡ 8층/-,"추천,올수리 깨끗 전망 26타입 융무 보증금조정가 정자환승역가깝고",경기도  성남시  정자동
98,파크뷰 610동,월세,"80,000 / 330 만원",20.11.13,아파트,방4개 231.91A/182.23㎡ 5층/총17층,"탄천전망,깨끗,전망 71타입 융무 보증금조정가",경기도  성남시  정자동
99,정든한진7차 705동,월세,"18,000 / 100 만원",20.11.13,아파트,방2개 66.91/49.5㎡ 2층/-,"추천,확장특올수리 깨끗 전망 20타입 보증금조정가 광역정류장가깝고",경기도  성남시  정자동
100,정든한진7차 705동,월세,"17,000 / 90 만원",20.11.13,아파트,방2개 66.91/49.5㎡ 2층/-,"추천,확장특올수리 깨끗 전망 20타입 보증금조정가 광역정류장가깝고",경기도  성남시  정자동
101,"상록보성,임광 402동",월세,"10,000 / 100 만원",20.11.13,아파트,방2개 67.25/48.84㎡ 14층/-,"추천,최근특올수리 깨끗 전망 20타입 보증금조정가 광역정류장가깝고",경기도  성남시  정자동
102,"상록보성,임광 405동",월세,"10,000 / 200 만원",20.11.06,아파트,방3개 107.74/84.97㎡ 9층/총13층,"추천,남향,올수리 깨끗 전망 32타입 융무 보증금조정가 광역정류장가깝고",경기도  성남시  정자동
103,"상록보성,임광 403동",월세,"20,000 / 200 만원",20.11.06,아파트,방3개 107.74/84.97㎡ 8층/-,"추천,남향,올수리 깨끗 전망 32타입 융무 보증금조정가 광역정류장가깝고",경기도  성남시  정자동
104,정든한진8차 807동,월세,"25,000 / 120 만원",20.11.06,아파트,방3개 88.45/68.04㎡ 9층/총17층,"신혼집추천,남향,,최근확장올수리,전망 27타입 융무 보증금조정가 방3개",경기도  성남시  정자동
105,정든신화 502동,월세,"35,000 / 70 만원",20.11.06,아파트,방3개 91.41/69.93㎡ 13층/총17층,"신혼집추천,남향,수리깨끗,전망 27타입 융무 보증금조정가 방3개",경기도  성남시  정자동
106,정든신화 502동,월세,"40,000 / 60 만원",20.11.06,아파트,방3개 91.41/69.93㎡ 13층/총17층,"신혼집추천,남향,수리깨끗,전망 27타입 융무 보증금조정가 방3개",경기도  성남시  정자동
107,청솔화인 201동,전세,"45,000 만원",20.11.05,아파트,방2개 57.22/40.5㎡ 고층/-,"샷시특올수리,신혼집추천,전망 17타입 융무 전세대출가 미금환승역가깝고",경기도  성남시  금곡동
108,한솔주공4단지 406동,월세,"20,000 / 25 만원",20.11.05,아파트,방2개 57.53/41.85㎡ 고층/총15층,"신혼집추천,남향,수리 깨끗,전망 17타입 융무 보증금조정가 광역정류장앞",경기도  성남시  정자동
109,느티공무원4단지 412동,월세,"5,000 / 130 만원",20.11.05,아파트,방3개 83.98/58.71㎡ 7층/-,"추천,올수리 깨끗 전망 26타입 보증금조정가 정자환승역가깝고",경기도  성남시  정자동
110,느티공무원4단지 309동,월세,"30,000 / 70 만원",20.11.05,아파트,방3개 90.93A/66.6㎡ 12층/총17층,"남향추천,올수리 깨끗전망 27타입 보증금조정가 방3개 정자환승역가깝고",경기도  성남시  정자동
111,느티공무원4단지 412동,월세,"3,000 / 150 만원",20.11.05,아파트,방3개 83.98/58.71㎡ 8층/-,"추천,올수리 깨끗 전망 26타입 보증금조정가 정자환승역가깝고",경기도  성남시  정자동
112,한솔주공6단지 605동,월세,"3,000 / 80 만원",20.11.05,아파트,방2개 57.9/39.87㎡ 5층/-,"추천,남향 올수리깨끗 18타입 보증금조정가 광역정류장가깝고 입주협의",경기도  성남시  정자동
113,"상록보성,임광 405동",전세,"82,000 만원",20.11.05,아파트,방3개 107.74/84.97㎡ 고층/-,"남향,확장올수리,깨끗 전망 32타입 융무 전세대출가 광역정류장가깝고",경기도  성남시  정자동
114,"상록보성,임광 408동",월세,"5,000 / 190 만원",20.11.05,아파트,방3개 87.51/67.43㎡ 7층/총17층,"남향추천,올수리 깨끗전망 26타입 보증금조정가 방3개 정자환승역가깝고",경기도  성남시  정자동
115,한솔주공4단지 417동,월세,"18,500 / 40 만원",20.11.05,아파트,방2개 50.04/35.28㎡ 저층/총15층,"샷시포함올수리,전망 깨끗 15타입 보증금조정가 광역정류장가깝고",경기도  성남시  정자동
116,청솔계룡 107동,전세,"58,000 만원",20.11.05,아파트,방3개 75.78/55.44㎡ 중층/-,"수리 깨끗,방3개추천,전망 22타입 융무 전세대출가 미금환승역가깝고",경기도  성남시  금곡동
117,한솔주공6단지 610동,월세,"10,000 / 110 만원",20.11.05,아파트,방2개 83.99/58.71㎡ 13층/-,"남향추천,특올수리,전망 방2개 26타입 융무 보증금조정가 광역정류장가깝고",경기도  성남시  정자동
118,한솔주공4단지 405동,월세,"3,000 / 90 만원",20.11.05,아파트,방2개 50.04/35.28㎡ 고층/-,"올수리,전망 깨끗 15타입 보증금조정가 광역정류장가깝고",경기도  성남시  정자동
119,한솔청구 105동,월세,"10,000 / 130 만원",20.11.05,아파트,방2개 66.15/49.35㎡ 9층/-,"추천,완전특올수리,전망 방2개 20타입 융무 보증금조정가 광역정류장가깝고",경기도  성남시  정자동
120,느티공무원4단지 312동,월세,"30,000 / 60 만원",20.11.05,아파트,방3개 90.93A/66.6㎡ 9층/총17층,"신혼집추천,남향 수리깨끗 전망 27타입 보증금조정가 방3개정자환승역가깝고",경기도  성남시  정자동
121,한솔주공4단지 406동,전세,"35,000 만원",20.11.05,아파트,방2개 57.53/41.85㎡ 고층/-,"신혼집추천,남향,특올수리 17타입 융무 전세대출가 광역정류장가깝고",경기도  성남시  정자동
122,느티공무원4단지 412동,월세,"30,000 / 50 만원",20.11.05,아파트,방3개 83.98/58.71㎡ 18층/-,"추천,올수리 깨끗 전망 26타입 25천65만원보증금조정가 정자환승역가깝고",경기도  성남시  정자동
123,한솔주공5단지 512동,월세,"3,000 / 70 만원",20.11.05,아파트,방2개 61.79/42.75㎡ 25층/-,"추천,남향 수리 깨끗 19타입 융무 보증금조정가 광역정류장가깝고 입주협의",경기도  성남시  정자동
124,청솔화인 206동,전세,"85,000 만원",20.11.05,아파트,방3개 107.28/84.6㎡ 중층/-,"남향,특올수리추천,전망 깨끗 32타입 융무 전세대출가 미금환승역가깝고",경기도  성남시  금곡동
125,한솔주공4단지 414동,월세,"15,000 / 60 만원",20.11.05,아파트,방2개 61.84/42.75㎡ 17층/-,"추천,남향 올수리깨끗 19타입 융무 보증금조정가 광역정류장가깝고 입주협의",경기도  성남시  정자동
126,한솔주공4단지 408동,월세,"12,500 / 45 만원",20.11.05,아파트,방2개 57.53/41.85㎡ 15층/-,"추천,남향 수리깨끗 17타입 2억30만원 보증금조정가 광역정류장가깝고",경기도  성남시  정자동
127,느티공무원3단지 311동,월세,"21,000 / 70 만원",20.11.05,아파트,방2개 85.95/58.71㎡ 4층/-,"화포올수리,전망 방2개 26타입 융무 보증금조정가 정자환승역가깝고",경기도  성남시  정자동
128,한솔주공6단지 602동,월세,"3,000 / 70 만원",20.11.05,아파트,방2개 53.15/37.67㎡ 중층/총15층,"수리 깨끗,전망 16타입 보증금조정가 광역정류장앞",경기도  성남시  정자동
129,"상록보성,임광 408동",전세,"75,000 만원",20.11.05,아파트,방3개 87.51/67.43㎡ 중층/-,"남향추천,특올수리,전망 26타입 융무 방3개 전세대출가 정자환승역5분",경기도  성남시  정자동
130,느티공무원4단지 412동,전세,"50,000 만원",20.11.05,아파트,방3개 83.98/58.71㎡ 중층/-,"남향,신혼집추천,특올수리,전망 26타입 융무 전세대출가 정자환승역5분",경기도  성남시  정자동
131,한솔주공5단지 510동,월세,"12,000 / 70 만원",20.11.05,아파트,방2개 74.39/51.66㎡ 12층/-,"남향추천,특올수리,전망 방2개 22타입 융무 보증금조정가 광역정류장가깝고",경기도  성남시  정자동
132,봇들마을9단지 902동,전세,"135,000 만원",20.12.07,아파트,방3개 127.21B/101.09㎡ 저층/-,밝고환한집  관리상태좋은집 귀한매물 참조은 부동산,경기도  성남시  삼평동
133,정든동아1단지 106동,매매,"150,000 만원",20.12.07,아파트,방5개 189.49/164.77㎡ 2층/총15층,정상.주인거주.올수리.남향.조용하고쾌적한단지.,경기도  성남시  정자동
134,"양지3,5단지금호한양 523동",전세,"120,000 만원",20.12.07,아파트,방4개 126.36/101.93㎡ 10층/총10층,확장올수리 융자무 전망 학군우수 수내초역세권 탑층,경기도  성남시  수내동
135,시범한양 330동,매매,"46,000 만원",20.12.07,아파트,방1개 40.07/28.71㎡ 13층/총15층,초급매 로얄동 로얄층 전망트임  급히 매매 서현역세권,경기도  성남시  서현동
136,이매삼성 1010동,매매,"140,000 만원",20.12.07,아파트,방4개 153.23/127.83㎡ 저층/총16층,확장올수리 이매역인접남향 이매중 귀한입주직접매물,경기도  성남시  이매동
137,봇들마을9단지 904동,매매,"185,000 만원",20.12.07,아파트,방3개 127.21B/101.09㎡ 고층/총2층,좋은구조 GTX최대수혜단지임 집샹태굿 확실출발,경기도  성남시  삼평동
138,판교원마을13단지 1314동,전세,"110,000 만원",20.12.07,아파트,방4개 152.52/125.32㎡ 3층/총4층,"입주협의,집상태깨끗,조용하고쾌적",경기도  성남시  판교동
139,푸른쌍용 606동,매매,"90,000 만원",20.12.05,아파트,방3개 71.56/59.78㎡ 중층/총5층,"즉시입주할수있음,전용공간이크게빠짐,학군이좋음,백화점및병원근접",경기도  성남시  수내동
140,매화공무원2단지 216동,전세,"43,000 만원",20.12.05,아파트,방2개 84.55/58.71㎡ 고층/총19층,입주협의 . 올수리 . 조용한동 . 귀한전세,경기도  성남시  야탑동
141,"양지3,5단지금호한양 301동",매매,"175,000 만원",20.12.05,아파트,방4개 157.43A/134.48㎡ 고층/총21층,최근확장특올수리 입주가능 학군 학원가최고 수내역세권,경기도  성남시  수내동
142,매화공무원2단지 204동,매매,"73,000 만원",20.12.05,아파트,방2개 84.55/58.71㎡ 저층/총21층,투자굿 . 남향 . 조용한동 . 올수리,경기도  성남시  야탑동
143,봇들마을9단지 904동,매매,"185,000 만원",20.12.05,아파트,방3개 127.21B/101.09㎡ 저층/총20층,"38급매 세안고 인기구조 gtx역앞 확장된 거실,안방 붙박이.부엌 화이트",경기도  성남시  삼평동
144,시범우성 216동,전세,"130,000 만원",20.12.05,아파트,방6개 240.19/193.99㎡ 12층/총12층,73 확장올수리에 탁 트인 앞 뒤 전망 2세대가 합가 하기에  좋은 구조,경기도  성남시  서현동
145,시범우성 213동,전세,"110,000 만원",20.12.05,아파트,방5개 208.79/164.4㎡ 16층/총20층,63예전올수리샷시포함 탁 트인 앞전망 조용하며 2세대합가하기좋은구조서현중,경기도  성남시  서현동
146,이매삼성 1004동,매매,"150,000 만원",20.12.05,아파트,방4개 153.23/127.83㎡ 중층/총21층,46p 올수리 조용한로얄동 단지내이매중 세안고,경기도  성남시  이매동
147,봇들마을9단지 910동,매매,"370,000 만원",20.12.04,아파트,방5개 226.54B/180.02㎡ 고층/총25층,"68추천 단층 펜트 입주 남향 탁 트인 전망 관리잘됨 확장된 거실,방5개",경기도  성남시  삼평동
148,"효자대우,대창 620동",매매,"110,000 만원",20.12.04,아파트,방3개 104.98/84.69㎡ 7층/총21층,주인거주 올확장부분수리,경기도  성남시  서현동
149,무지개1단지대림 111동,매매,"117,000 만원",20.12.03,아파트,방4개 153.77/127.17㎡ 19층/총27층,"전망굿,정상입주,오리역",경기도  성남시  구미동
150,효자임광 303동,월세,"55,000 / 50 만원",20.12.03,아파트,방3개 103.99/84.99㎡ 중층/총17층,최근샷시포함완벽특올수리  상태최상,경기도  성남시  서현동
